<?xml version="1.0" encoding="utf-8" ?>
<!-- A simple questionnaire for measuring Usability and Learnability. The SUS Questionnaire is based on: Brooke, J. (1996) "SUS: A quick and dirty usability scale". In: Usability Evaluation in Industry. The two different factors of usability and learnability stem from a study by Lewis, J. R. & Sauro, J. (2009) "The Factor Structure of the System Usability Scale". -->
<qu:Questionnaire xmlns="http://dbis.rwth-aachen.de/mobsos/questionnaire.xsd" xmlns:qu="http://dbis.rwth-aachen.de/mobsos/questionnaire.xsd" xmlns:xsi="http://www.w3.org/2001/XMLSchema-instance">
	
	<qu:Page name="Instructions" 
		 xsi:type="qu:InformationPageType">
		<qu:Instructions>
			For assessing the usability of ${SURVEY.RESOURCE} please fill out the following questionnaire. Completion will take approximately 5 minutes.
		</qu:Instructions>
	</qu:Page>
	
	<qu:Page name="Usability" 
	      qid="SUS.1"
	      minval="1" 
	      maxval="5"
	      minlabel="strongly disagree" 
	      maxlabel="strongly agree" 
		  required="false"
	      xsi:type="qu:OrdinalScaleQuestionPageType">
		<qu:Instructions>
			I think that I would like to use ${SURVEY.RESOURCE} frequently.
		</qu:Instructions>
	</qu:Page>
	
	<qu:Page name="Usability" 
	      qid="SUS.2"
	      minval="1" 
	      maxval="5"
	      minlabel="strongly disagree" 
	      maxlabel="strongly agree" 
		  required="false"
	      xsi:type="qu:OrdinalScaleQuestionPageType">
		<qu:Instructions>
			I found ${SURVEY.RESOURCE} unnecessarily complex.
		</qu:Instructions>
	</qu:Page>
	
	<qu:Page name="Usability" 
	      qid="SUS.3"
	      minval="1" 
	      maxval="5"
	      minlabel="strongly disagree" 
	      maxlabel="strongly agree" 
		  required="false"
	      xsi:type="qu:OrdinalScaleQuestionPageType">
		<qu:Instructions>
			I thought ${SURVEY.RESOURCE} was easy to use.
		</qu:Instructions>
	</qu:Page>
	
	<qu:Page name="Learnability" 
	      qid="SUS.4"
	      minval="1" 
	      maxval="5"
	      minlabel="strongly disagree" 
	      maxlabel="strongly agree" 
		  required="false"
	      xsi:type="qu:OrdinalScaleQuestionPageType">
		<qu:Instructions>
			I think that I would need the support of a technical person to be able to use ${SURVEY.RESOURCE}.
		</qu:Instructions>
	</qu:Page>
	
	<qu:Page name="Usability" 
	      qid="SUS.5"
	      minval="1" 
	      maxval="5"
	      minlabel="strongly disagree" 
	      maxlabel="strongly agree" 
		  required="false"
	      xsi:type="qu:OrdinalScaleQuestionPageType">
		<qu:Instructions>
			I found the various functions in ${SURVEY.RESOURCE} were well integrated.
		</qu:Instructions>
	</qu:Page>
	
	<qu:Page name="Usability" 
	      qid="SUS.6"
	      minval="1" 
	      maxval="5"
	      minlabel="strongly disagree" 
	      maxlabel="strongly agree" 
		  required="false"
	      xsi:type="qu:OrdinalScaleQuestionPageType">
		<qu:Instructions>
			I thought there was too much inconsistency in ${SURVEY.RESOURCE}.
		</qu:Instructions>
	</qu:Page>
	
	<qu:Page name="Usability" 
	      qid="SUS.7"
	      minval="1" 
	      maxval="5"
	      minlabel="strongly disagree" 
	      maxlabel="strongly agree" 
		  required="false"
	      xsi:type="qu:OrdinalScaleQuestionPageType">
		<qu:Instructions>
			I would imagine that most people would learn to use ${SURVEY.RESOURCE} very quickly.
		</qu:Instructions>
	</qu:Page>
	
	<qu:Page name="Usability" 
	      qid="SUS.8"
	      minval="1" 
	      maxval="5"
	      minlabel="strongly disagree" 
	      maxlabel="strongly agree" 
		  required="false"
	      xsi:type="qu:OrdinalScaleQuestionPageType">
		<qu:Instructions>
			I found ${SURVEY.RESOURCE} very awkward to use.
		</qu:Instructions>
	</qu:Page>
	
	<qu:Page name="Usability" 
	      qid="SUS.9"
	      minval="1" 
	      maxval="5"
	      minlabel="strongly disagree" 
	      maxlabel="strongly agree" 
		  required="false"
	      xsi:type="qu:OrdinalScaleQuestionPageType">
		<qu:Instructions>
			I felt very confident using ${SURVEY.RESOURCE}.
		</qu:Instructions>
	</qu:Page>
	
	<qu:Page name="Learnability" 
	      qid="SUS.10"
	      minval="1" 
	      maxval="5"
	      minlabel="strongly disagree" 
	      maxlabel="strongly agree" 
		  required="false"
	      xsi:type="qu:OrdinalScaleQuestionPageType">
		<qu:Instructions>
			I needed to learn a lot of things before I could get going with ${SURVEY.RESOURCE}.
		</qu:Instructions>
	</qu:Page>
	
</qu:Questionnaire>