<?xml version="1.0" encoding="utf-8" ?>
<!-- USE Questionnaire: Usefulness, Satisfaction, and Ease of use
Based on: Lund, A. M. (2001) "Measuring Usability with the USE Questionnaire". STC Usability SIG Newsletter, 8:2.-->
<qu:Questionnaire xmlns="http://dbis.rwth-aachen.de/mobsos/questionnaire.xsd" xmlns:qu="http://dbis.rwth-aachen.de/mobsos/questionnaire.xsd" xmlns:xsi="http://www.w3.org/2001/XMLSchema-instance" xml:lang="en-US">
	
	<qu:Page name="Instructions" 
		 xsi:type="qu:InformationPageType">
		<qu:Instructions>
			Dear ${USER.NAME}! For the assessment, please fill out the following questionnaire. You can express your agreement with the attributes by ticking the value that most closely reflects your impression. Please decide spontaneously. Don't think too long about your decision to make sure that you convey your original impression. Sometimes you may not be completely sure about your agreement with a particular attribute or you may find that the attribute does not apply completely to the particular resource. Nevertheless, please make a selection on every item. It is your personal opinion that counts. Please remember: there is no wrong or right answer!
		</qu:Instructions>
	</qu:Page>
	
	<qu:Page name="Usefulness" 
	      qid="USE.UF.1"
	      minval="1" 
	      maxval="7"
	      minlabel="strongly disagree" 
	      maxlabel="strongly agree" 
		  required="true"
	      xsi:type="qu:OrdinalScaleQuestionPageType">
		<qu:Instructions>
			${SURVEY.RESOURCE} helps me be more effective.
		</qu:Instructions>
	</qu:Page>
	
	<qu:Page name="Usefulness" 
	      qid="USE.UF.2"
	      minval="1" 
	      maxval="7"
	      minlabel="strongly disagree" 
	      maxlabel="strongly agree" 
		  required="true" 
	      xsi:type="qu:OrdinalScaleQuestionPageType">
		<qu:Instructions>
			${SURVEY.RESOURCE} helps me be more productive.
		</qu:Instructions>
	</qu:Page>
	
	<qu:Page name="Usefulness" 
	      qid="USE.UF.3"
	      minval="1" 
	      maxval="7"
	      minlabel="strongly disagree" 
	      maxlabel="strongly agree" 
		  required="true"
	      xsi:type="qu:OrdinalScaleQuestionPageType">
		<qu:Instructions>
			${SURVEY.RESOURCE} is useful.
		</qu:Instructions>
	</qu:Page>
	
	<qu:Page name="Usefulness" 
	      qid="USE.UF.4"
	      minval="1" 
	      maxval="7"
	      minlabel="strongly disagree" 
	      maxlabel="strongly agree" 
		  required="true"
	      xsi:type="qu:OrdinalScaleQuestionPageType">
		<qu:Instructions>
			${SURVEY.RESOURCE} gives me more control over the activities in my life.
		</qu:Instructions>
	</qu:Page>
	
	<qu:Page name="Usefulness" 
	      qid="USE.UF.5"
	      minval="1" 
	      maxval="7"
	      minlabel="strongly disagree" 
	      maxlabel="strongly agree" 
		  required="true"
	      xsi:type="qu:OrdinalScaleQuestionPageType">
		<qu:Instructions>
			${SURVEY.RESOURCE} makes the things I want to accomplish easier to get done.
		</qu:Instructions>
	</qu:Page>
	
	<qu:Page name="Usefulness" 
	      qid="USE.UF.6"
	      minval="1" 
	      maxval="7"
	      minlabel="strongly disagree" 
	      maxlabel="strongly agree" 
		  required="true"
	      xsi:type="qu:OrdinalScaleQuestionPageType">
		<qu:Instructions>
			${SURVEY.RESOURCE} saves me time when I use it.
		</qu:Instructions>
	</qu:Page>
	
	<qu:Page name="Usefulness" 
	      qid="USE.UF.7"
	      minval="1" 
	      maxval="7"
	      minlabel="strongly disagree" 
	      maxlabel="strongly agree" 
		  required="true"
	      xsi:type="qu:OrdinalScaleQuestionPageType">
		<qu:Instructions>
			${SURVEY.RESOURCE} meets my needs.
		</qu:Instructions>
	</qu:Page>
	
	<qu:Page name="Usefulness" 
	      qid="USE.UF.8"
	      minval="1" 
	      maxval="7"
	      minlabel="strongly disagree" 
	      maxlabel="strongly agree" 
		  required="true"
	      xsi:type="qu:OrdinalScaleQuestionPageType">
		<qu:Instructions>
			${SURVEY.RESOURCE} does everything I would expect it to do.
		</qu:Instructions>
	</qu:Page>
	
	<qu:Page name="Ease of Use" 
	      qid="USE.EOU.1"
	      minval="1" 
	      maxval="7"
	      minlabel="strongly disagree" 
	      maxlabel="strongly agree"  
		  required="true"
	      xsi:type="qu:OrdinalScaleQuestionPageType">
		<qu:Instructions>
			${SURVEY.RESOURCE} is easy to use.
		</qu:Instructions>
	</qu:Page>
	
	<qu:Page name="Ease of Use" 
	      qid="USE.EOU.2"
	      minval="1" 
	      maxval="7"
	      minlabel="strongly disagree" 
	      maxlabel="strongly agree"  
		  required="true"
	      xsi:type="qu:OrdinalScaleQuestionPageType">
		<qu:Instructions>
			${SURVEY.RESOURCE} is simple to use.
		</qu:Instructions>
	</qu:Page>
	
	<qu:Page name="Ease of Use" 
	      qid="USE.EOU.3"
	      minval="1" 
	      maxval="7"
	      minlabel="strongly disagree" 
	      maxlabel="strongly agree" 
		  required="true" 
	      xsi:type="qu:OrdinalScaleQuestionPageType">
		<qu:Instructions>
			${SURVEY.RESOURCE} is user friendly.
		</qu:Instructions>
	</qu:Page>
	
	<qu:Page name="Ease of Use" 
	      qid="USE.EOU.4"
	      minval="1" 
	      maxval="7"
	      minlabel="strongly disagree" 
	      maxlabel="strongly agree"  
		  required="true"
	      xsi:type="qu:OrdinalScaleQuestionPageType">
		<qu:Instructions>
			${SURVEY.RESOURCE} requires the fewest steps possible to accomplish what I want to do with it.
		</qu:Instructions>
	</qu:Page>
	
	<qu:Page name="Ease of Use" 
	      qid="USE.EOU.5"
	      minval="1" 
	      maxval="7"
	      minlabel="strongly disagree" 
	      maxlabel="strongly agree"  
		  required="true"
	      xsi:type="qu:OrdinalScaleQuestionPageType">
		<qu:Instructions>
			${SURVEY.RESOURCE} is flexible.
		</qu:Instructions>
	</qu:Page>
	
	<qu:Page name="Ease of Use" 
	      qid="USE.EOU.6"
	      minval="1" 
	      maxval="7"
	      minlabel="strongly disagree" 
	      maxlabel="strongly agree"  
		  required="true"
	      xsi:type="qu:OrdinalScaleQuestionPageType">
		<qu:Instructions>
			Using ${SURVEY.RESOURCE} is effortless.
		</qu:Instructions>
	</qu:Page>
	
	<qu:Page name="Ease of Use" 
	      qid="USE.EOU.7"
	      minval="1" 
	      maxval="7"
	      minlabel="strongly disagree" 
	      maxlabel="strongly agree"  
		  required="true"
	      xsi:type="qu:OrdinalScaleQuestionPageType">
		<qu:Instructions>
			I can use ${SURVEY.RESOURCE} without written instructions.
		</qu:Instructions>
	</qu:Page>
	
	<qu:Page name="Ease of Use" 
	      qid="USE.EOU.8"
	      minval="1" 
	      maxval="7"
	      minlabel="strongly disagree" 
	      maxlabel="strongly agree"  
		  required="true"
	      xsi:type="qu:OrdinalScaleQuestionPageType">
		<qu:Instructions>
			I don't notice any inconsistencies as I use ${SURVEY.RESOURCE}.
		</qu:Instructions>
	</qu:Page>
	
	<qu:Page name="Ease of Use" 
	      qid="USE.EOU.9"
	      minval="1" 
	      maxval="7"
	      minlabel="strongly disagree" 
	      maxlabel="strongly agree"  
		  required="true"
	      xsi:type="qu:OrdinalScaleQuestionPageType">
		<qu:Instructions>
			Both occasional and regular users would like ${SURVEY.RESOURCE}.
		</qu:Instructions>
	</qu:Page>
	
	<qu:Page name="Ease of Use" 
	      qid="USE.EOU.10"
	      minval="1" 
	      maxval="7"
	      minlabel="strongly disagree" 
	      maxlabel="strongly agree"  
		  required="true"
	      xsi:type="qu:OrdinalScaleQuestionPageType">
		<qu:Instructions>
			I can recover from mistakes in ${SURVEY.RESOURCE} quickly and easily.
		</qu:Instructions>
	</qu:Page>
	
	<qu:Page name="Ease of Use" 
	      qid="USE.EOU.11"
	      minval="1" 
	      maxval="7"
	      minlabel="strongly disagree" 
	      maxlabel="strongly agree" 
		  required="true" 
	      xsi:type="qu:OrdinalScaleQuestionPageType">
		<qu:Instructions>
			I can use ${SURVEY.RESOURCE} successfully every time.
		</qu:Instructions>
	</qu:Page>
	
	<qu:Page name="Ease of Learning" 
	      qid="USE.EOL.1"
	      minval="1" 
	      maxval="7"
	      minlabel="strongly disagree" 
	      maxlabel="strongly agree"  
		  required="true"
	      xsi:type="qu:OrdinalScaleQuestionPageType">
		<qu:Instructions>
			I learned to use ${SURVEY.RESOURCE} quickly.
		</qu:Instructions>
	</qu:Page>
	
	<qu:Page name="Ease of Learning" 
	      qid="USE.EOL.2"
	      minval="1" 
	      maxval="7"
	      minlabel="strongly disagree" 
	      maxlabel="strongly agree"  
		  required="true"
	      xsi:type="qu:OrdinalScaleQuestionPageType">
		<qu:Instructions>
			I easily remember how to use ${SURVEY.RESOURCE}.
		</qu:Instructions>
	</qu:Page>
	
	<qu:Page name="Ease of Learning" 
	      qid="USE.EOL.3"
	      minval="1" 
	      maxval="7"
	      minlabel="strongly disagree" 
	      maxlabel="strongly agree"  
		  required="true"
	      xsi:type="qu:OrdinalScaleQuestionPageType">
		<qu:Instructions>
			${SURVEY.RESOURCE} is easy to learn to use it.
		</qu:Instructions>
	</qu:Page>
	
	<qu:Page name="Ease of Learning" 
	      qid="USE.EOL.4"
	      minval="1" 
	      maxval="7"
	      minlabel="strongly disagree" 
	      maxlabel="strongly agree"  
		  required="true"
	      xsi:type="qu:OrdinalScaleQuestionPageType">
		<qu:Instructions>
			I quickly became skillful with ${SURVEY.RESOURCE}.
		</qu:Instructions>
	</qu:Page>
	
	<qu:Page name="Satisfaction" 
	      qid="USE.S.1"
	      minval="1" 
	      maxval="7"
	      minlabel="strongly disagree" 
	      maxlabel="strongly agree"  
		  required="true"
	      xsi:type="qu:OrdinalScaleQuestionPageType">
		<qu:Instructions>
			I am satisfied with ${SURVEY.RESOURCE}.
		</qu:Instructions>
	</qu:Page>
	
	<qu:Page name="Satisfaction" 
	      qid="USE.S.2"
	      minval="1" 
	      maxval="7"
	      minlabel="strongly disagree" 
	      maxlabel="strongly agree"  
		  required="true"
	      xsi:type="qu:OrdinalScaleQuestionPageType">
		<qu:Instructions>
			I would recommend ${SURVEY.RESOURCE} to a friend.
		</qu:Instructions>
	</qu:Page>
	
	<qu:Page name="Satisfaction" 
	      qid="USE.S.3"
	      minval="1" 
	      maxval="7"
	      minlabel="strongly disagree" 
	      maxlabel="strongly agree"  
		  required="true"
	      xsi:type="qu:OrdinalScaleQuestionPageType">
		<qu:Instructions>
			${SURVEY.RESOURCE} is fun to use.
		</qu:Instructions>
	</qu:Page>
	
	<qu:Page name="Satisfaction" 
	      qid="USE.S.4"
	      minval="1" 
	      maxval="7"
	      minlabel="strongly disagree" 
	      maxlabel="strongly agree"  
		  required="true"
	      xsi:type="qu:OrdinalScaleQuestionPageType">
		<qu:Instructions>
			${SURVEY.RESOURCE} works the way I want it to work.
		</qu:Instructions>
	</qu:Page>
	
	<qu:Page name="Satisfaction" 
	      qid="USE.S.5"
	      minval="1" 
	      maxval="7"
	      minlabel="strongly disagree" 
	      maxlabel="strongly agree"  
		  required="true"
	      xsi:type="qu:OrdinalScaleQuestionPageType">
		<qu:Instructions>
			${SURVEY.RESOURCE} is wonderful.
		</qu:Instructions>
	</qu:Page>
	
	<qu:Page name="Satisfaction" 
	      qid="USE.S.6"
	      minval="1" 
	      maxval="7"
	      minlabel="strongly disagree" 
	      maxlabel="strongly agree" 
		  required="true" 
	      xsi:type="qu:OrdinalScaleQuestionPageType">
		<qu:Instructions>
			I feel I need to have ${SURVEY.RESOURCE}.
		</qu:Instructions>
	</qu:Page>
	
	<qu:Page name="Satisfaction" 
	      qid="USE.S.2"
	      minval="1" 
	      maxval="7"
	      minlabel="strongly disagree" 
	      maxlabel="strongly agree" 
		  required="true" 
	      xsi:type="qu:OrdinalScaleQuestionPageType">
		<qu:Instructions>
			${SURVEY.RESOURCE} is pleasant to use.
		</qu:Instructions>
	</qu:Page>
	
</qu:Questionnaire>