<?xml version="1.0" encoding="utf-8"?>

<qu:Questionnaire xmlns="http://multimedia-metadata.info/mobsos/questionnaire.xsd"
		  xmlns:qu="http://multimedia-metadata.info/mobsos/questionnaire.xsd"
		  xmlns:xsi="http://www.w3.org/2001/XMLSchema-instance">
	
	<qu:Page name="Estimated Expenditure of Time " 
		 xsi:type="qu:InformationPageType">
		<qu:Instructions>The estimated expenditure of time you will need to fill in this questionnaire is 10-15 minutes.</qu:Instructions>
	</qu:Page>
	
	<qu:Page name="System Quality (SQ)" 
		 xsi:type="qu:InformationPageType">
		<qu:Instructions>The upcoming section presents a set of question items that intend to gain knowledge about technical properties of ${SERVICE.NAME}.</qu:Instructions>
	</qu:Page>
	
	<qu:Page name="Convenience of Access" 
		 qid="SQ.1.1"
		 minval="0" 
		 maxval="10"
		 defval="5"
		 minlabel="inconvenient" 
		 maxlabel="convenient" 
		 xsi:type="qu:OrdinalScaleQuestionPageType">
		<qu:Instructions>How convenient is the access to service ${SERVICE.NAME}?</qu:Instructions>
	</qu:Page>
	
	<qu:Page name="Intuitiveness" 
		 qid="SQ.2.1"
		 minval="0" 
		 maxval="10"
		 defval="5"
		 minlabel="not intuitive" 
		 maxlabel="intuitive" 
		 xsi:type="qu:OrdinalScaleQuestionPageType">
		<qu:Instructions>How intuitive is service usage?</qu:Instructions>
	</qu:Page>
	
	<qu:Page name="Responsiveness" 
		 qid="SQ.3.1"
		 minval="0" 
		 maxval="10"
		 defval="5"
		 minlabel="slow response" 
		 maxlabel="quick response" 
		 xsi:type="qu:OrdinalScaleQuestionPageType">
		<qu:Instructions>A crucial prerequisite for services is to be highly responsive. Are requests responded quickly?</qu:Instructions>
	</qu:Page>
	
	<qu:Page name="Reliability" 
		 qid="SQ.5.1"
		 minval="0" 
		 maxval="10"
		 defval="5"
		 minlabel="always failed" 
		 maxlabel="always succeeded" 
		 xsi:type="qu:OrdinalScaleQuestionPageType">
		<qu:Instructions>Adding, removal, editing and the retrieval of managed information are central basic service features. How often did these operations fail for you?</qu:Instructions>
	</qu:Page>
	
	<qu:Page name="Usefulness of Features - General" 
		 qid="SQ.6.1"
		 minval="0" 
		 maxval="10"
		 defval="5"
		 minlabel="pointless" 
		 maxlabel="useful" 
		 xsi:type="qu:OrdinalScaleQuestionPageType">
		<qu:Instructions>Are features provided by ${SERVICE.NAME} useful?</qu:Instructions>
	</qu:Page>
	
	<qu:Page name="Usefulness of Features - Community" 
		 qid="SQ.6.2"
		 minval="0" 
		 maxval="10"
		 defval="5"
		 minlabel="pointless" 
		 maxlabel="useful" 
		 xsi:type="qu:OrdinalScaleQuestionPageType">
		<qu:Instructions>Are the provided features useful with special regard to your community ${COMMUNITY}? </qu:Instructions>
	</qu:Page>
	
	<qu:Page name="Completeness of Features" 
		 qid="SQ.7.1"
		 defval="0"
		 minlabel="yes" 
		 maxlabel="no" 
		 xsi:type="qu:DichotomousQuestionPageType">
		<qu:Instructions>Is any crucial feature missing?</qu:Instructions>
	</qu:Page>
	
	<qu:Page name="Completeness of Features - Additional Comments" 
		 qid="SQ.7.2"
		 xsi:type="qu:FreeTextQuestionPageType">
		<qu:Instructions>Which additional features should be supported by ${SERVICE.NAME}?</qu:Instructions>
	</qu:Page>
	
	<qu:Page name="Integration - Genericity" 
		 qid="SQ.8.1"
		 minval="0" 
		 maxval="10"
		 defval="5"
		 minlabel="very specific" 
		 maxlabel="widely applicable" 
		 xsi:type="qu:OrdinalScaleQuestionPageType">
		<qu:Instructions>Do you think the provided service features are widely applicable or rather specialized to certain purposes? </qu:Instructions>
	</qu:Page>
	
	<qu:Page name="Innovativeness" 
		 qid="SQ.9.1"
		 minval="0" 
		 maxval="10"
		 defval="5"
		 minlabel="pointless" 
		 maxlabel="innovative" 
		 xsi:type="qu:OrdinalScaleQuestionPageType">
		<qu:Instructions>Innovations of today will possibly become usual features tomorrow. How innovative are currently supported service features?</qu:Instructions>
	</qu:Page>
	
	<qu:Page name="Mobile Context Awareness" 
		 qid="SQ.11.1"
		 minval="0" 
		 maxval="10"
		 defval="5"
		 minlabel="not  at all" 
		 maxlabel="completely realized" 
		 xsi:type="qu:OrdinalScaleQuestionPageType">
		<qu:Instructions>To what degree was information about your current mobile context (e.g. your current location retrieved from a GPS receiver) integrated into service features? </qu:Instructions>
	</qu:Page>
	
	<qu:Page name="Security - Restrictiveness" 
		 qid="SQ.12.1"
		 minval="0" 
		 maxval="10"
		 defval="5"
		 minlabel="too restrictive" 
		 maxlabel="too liberal" 
		 xsi:type="qu:OrdinalScaleQuestionPageType">
		<qu:Instructions>Service security should neither be too restrictive nor too liberal. A value of 5 symbolize a perfect trade-off. How do you evaluate service security?</qu:Instructions>
	</qu:Page>
	
	<qu:Page name="Security - Personal Privacy" 
		 qid="SQ.12.2"
		 minval="0"
		 maxval="10"
		 defval="5"
		 minlabel="no access control" 
		 maxlabel="appropriate access control" 
		 xsi:type="qu:OrdinalScaleQuestionPageType">
		<qu:Instructions>To what degree could you control access to your personal data managed by ${SERVICE.NAME}?</qu:Instructions>
	</qu:Page>
	
	
	<qu:Page name="Information Quality (IQ)" 
		 xsi:type="qu:InformationPageType">
		<qu:Instructions>The upcoming section will present a set of question items that intend to gain knowledge about the quality of the information managed and presented by ${SERVICE.NAME}.</qu:Instructions>
	</qu:Page>
	
	<qu:Page name="Usefulness" 
		 qid="IQ.1.1"
		 minval="0" 
		 maxval="10"
		 defval="5"
		 minlabel="pointless" 
		 maxlabel="useful" 
		 xsi:type="qu:OrdinalScaleQuestionPageType">
		<qu:Instructions>How useful is information presented by ${SERVICE.NAME}? </qu:Instructions>
	</qu:Page>
	
	<qu:Page name="Understandability" 
		 qid="IQ.2.1"
		 minval="0" 
		 maxval="10"
		 defval="5"
		 minlabel="not understandable at all" 
		 maxlabel="easily understandable" 
		 xsi:type="qu:OrdinalScaleQuestionPageType">
		<qu:Instructions>Is the presented information understandable? </qu:Instructions>
	</qu:Page>
	
	<qu:Page name="Conciseness" 
		 qid="IQ.3.1"
		 minval="0" 
		 maxval="10"
		 defval="5"
		 minlabel="overloaded" 
		 maxlabel="concise" 
		 xsi:type="qu:OrdinalScaleQuestionPageType">
		<qu:Instructions>Is a minimal amount of concise information presented or was the information overloaded with irrelevant details?</qu:Instructions>
	</qu:Page>
	
	<qu:Page name="Completeness" 
		 qid="IQ.4.1"
		 defval="0"
		 minlabel="yes" 
		 maxlabel="no" 
		 xsi:type="qu:DichotomousQuestionPageType">
		<qu:Instructions>Is there any specific information missing that is essential to you or your community ${COMMUNITY}?</qu:Instructions>
	</qu:Page>
	
	<qu:Page name="Completeness - Missing Information" 
		 qid="IQ.4.2"
		 xsi:type="qu:FreeTextQuestionPageType">
		<qu:Instructions>What additional kind of information should be managed/presented by the service? Any comments/ideas are appreciated.</qu:Instructions>
	</qu:Page>
	
	<qu:Page name="Reliability" 
		 qid="IQ.5.1"
		 minval="0" 
		 maxval="10"
		 defval="5"
		 minlabel="not reliable" 
		 maxlabel="reliable" 
		 xsi:type="qu:OrdinalScaleQuestionPageType">
		<qu:Instructions>How reliable is the information content presented to you?</qu:Instructions>
	</qu:Page>
	
	<qu:Page name="Timeliness" 
		 qid="IQ.6.1"
		 minval="0" 
		 maxval="10"
		 defval="5"
		 minlabel="outdated" 
		 maxlabel="up-to-date" 
		 xsi:type="qu:OrdinalScaleQuestionPageType">
		<qu:Instructions>Is presented information rather outdated or up-to-date?</qu:Instructions>
	</qu:Page>
	
	<qu:Page name="Uniqueness" 
		 qid="IQ.7.1"
		 defval="0"
		 minlabel="seen before" 
		 maxlabel="seen first time" 
		 xsi:type="qu:DichotomousQuestionPageType">
		<qu:Instructions>Have you seen similar forms for the same kind of information presentation before?</qu:Instructions>
	</qu:Page>
	
	<qu:Page name="Appropriateness of Format" 
		 qid="IQ.8.1"
		 minval="0" 
		 maxval="10"
		 defval="5"
		 minlabel="not appropriate" 
		 maxlabel="appropriate" 
		 xsi:type="qu:OrdinalScaleQuestionPageType">
		<qu:Instructions>Is the information well structured and reflected by an appropriate presentation format?</qu:Instructions>
	</qu:Page>
	
	<qu:Page name="Use (U)" 
		 xsi:type="qu:InformationPageType">
		<qu:Instructions>The upcoming section will present a set of question items that intend to gain knowledge about your actual use of ${SERVICE.NAME}.</qu:Instructions>
	</qu:Page>
	
	<qu:Page name="Purpose of Use - Individual" 
		 qid="U.10.1"
		 xsi:type="qu:FreeTextQuestionPageType">
		<qu:Instructions>For what purposes did you personally use ${SERVICE.NAME}?</qu:Instructions>
	</qu:Page>
	
	<qu:Page name="Purpose of Use - Community" 
		 qid="U.10.1"
		 xsi:type="qu:FreeTextQuestionPageType">
		<qu:Instructions>What special purposes did service serve for your community ${COMMUNITY}?</qu:Instructions>
	</qu:Page>
	
	<qu:Page name="User Satisfaction (US)" 
		 xsi:type="qu:InformationPageType">
		<qu:Instructions>
			The upcoming section will present a set of question items that intend to gain knowledge about your personal satisfaction with ${SERVICE.NAME}.
		</qu:Instructions>
	</qu:Page>
	
	<qu:Page name="System Satisfaction" 
		 qid="US.1.1"
		 minval="0" 
		 maxval="10"
		 defval="5"
		 minlabel="unsatisfied" 
		 maxlabel="satisfied" 
		 xsi:type="qu:OrdinalScaleQuestionPageType">
		<qu:Instructions>Were you satisfied with the technical realization of ${SERVICE.NAME}?</qu:Instructions>
	</qu:Page>
	
	<qu:Page name="Information Satisfaction" 
		 qid="US.2.1"
		 minval="0" 
		 maxval="10"
		 defval="5"
		 minlabel="unsatisfied" 
		 maxlabel="satisfied" 
		 xsi:type="qu:OrdinalScaleQuestionPageType">
		<qu:Instructions>Were you satisfied with the information presented to you?</qu:Instructions>
	</qu:Page>
	
	<qu:Page name="Perceived Enjoyment" 
		 qid="US.5.1"
		 minval="0" 
		 maxval="10"
		 defval="5"
		 minlabel="bored" 
		 maxlabel="excited" 
		 xsi:type="qu:OrdinalScaleQuestionPageType">
		<qu:Instructions>How do you rate your personal level of enjoyment when using ${SERVICE.NAME}?</qu:Instructions>
	</qu:Page>
	
	<qu:Page name="Individual Impact (II)" 
		 xsi:type="qu:InformationPageType">
		<qu:Instructions>The upcoming section presents a set of question items that intend to gain knowledge about how and to what degree ${SERVICE.NAME} impacted you personally.</qu:Instructions>
	</qu:Page>
	
	<qu:Page name="Improved Learning" 
		 qid="II.1.1"
		 minval="0" 
		 maxval="10"
		 defval="5"
		 minlabel="no improvement" 
		 maxlabel="significant improvement" 
		 xsi:type="qu:OrdinalScaleQuestionPageType">
		<qu:Instructions>To what degree did service usage improve your personal learning process?</qu:Instructions>
	</qu:Page>
	
	<qu:Page name="Information Awareness" 
		 qid="II.2.1"
		 minval="0" 
		 maxval="10"
		 defval="5"
		 minlabel="not at all" 
		 maxlabel="totally" 
		 xsi:type="qu:OrdinalScaleQuestionPageType">
		<qu:Instructions>Did the usage of ${SERVICE.NAME} widen your personal awareness to the existence of accessible information?</qu:Instructions>
	</qu:Page>
	
	<qu:Page name="Improved Personal Productivity" 
		 qid="II.3.1"
		 minval="0" 
		 maxval="10"
		 defval="5"
		 minlabel="no improvement" 
		 maxlabel="high improvement" 
		 xsi:type="qu:OrdinalScaleQuestionPageType">
		<qu:Instructions>Did service usage improve your personal productivity?</qu:Instructions>
	</qu:Page>
	
	<qu:Page name="Contribution to Personal Goal Achievement" 
		 qid="II.4.1"
		 minval="0" 
		 maxval="10"
		 defval="5"
		 minlabel="no contribution" 
		 maxlabel="significant contribution" 
		 xsi:type="qu:OrdinalScaleQuestionPageType">
		<qu:Instructions>Did service usage contribute to achieving your personal goals?</qu:Instructions>
	</qu:Page>
	
	<qu:Page name="Individual Influence within Community" 
		 qid="II.5.1"
		 minval="0" 
		 maxval="10"
		 defval="5"
		 minlabel="no influence" 
		 maxlabel="significant influence " 
		 xsi:type="qu:OrdinalScaleQuestionPageType">
		<qu:Instructions>Did usage of ${SERVICE.NAME} influence your position among members of ${COMMUNITY}? </qu:Instructions>
	</qu:Page>
	
	<qu:Page name="Community Impact (CI)" 
		 xsi:type="qu:InformationPageType">
		<qu:Instructions>The upcoming section presents a set of question items that intend to gain knowledge about how and to what degree ${SERVICE.NAME} impacts your community ${COMMUNITY}.
		</qu:Instructions>
	</qu:Page>
	
	<qu:Page name="Community Evolution - Attraction of Members" 
		 qid="CI.1.1"
		 minval="0" 
		 maxval="10"
		 defval="5"
		 minlabel="not at all" 
		 maxlabel="totally" 
		 xsi:type="qu:OrdinalScaleQuestionPageType">
		<qu:Instructions>Did ${SERVICE.NAME} attract new members to your community ${COMMUNITY}?</qu:Instructions>
	</qu:Page>
	
	<qu:Page name="Community Evolution -  Community Building" 
		 qid="CI.1.2"
		 minval="0" 
		 maxval="10"
		 defval="5"
		 minlabel="not at all" 
		 maxlabel="totally" 
		 xsi:type="qu:OrdinalScaleQuestionPageType">
		<qu:Instructions>Did the service motivate or support the evolution of new communities/subcommunities?</qu:Instructions>
	</qu:Page>

	<qu:Page name="Improved Community Productivity" 
		qid="CI.4.1"
		minval="0" 
		maxval="10"
		defval="5"
		minlabel="no improvement" 
		maxlabel="significant improvement" 
		xsi:type="qu:OrdinalScaleQuestionPageType">
		<qu:Instructions>Did ${SERVICE.NAME} improve the productivity of your community ${COMMUNITY}?</qu:Instructions>
	</qu:Page>
	
	<qu:Page name="Contribution to Community Goal Achievement" 
		qid="CI.5.1"
		minval="0" 
		maxval="10"
		defval="5"
		minlabel="no contribution" 
		maxlabel="significant contribution" 
		xsi:type="qu:OrdinalScaleQuestionPageType">
		<qu:Instructions>Did the service contribute to achieving goals defined by your community ${COMMUNITY}?</qu:Instructions>
	</qu:Page>
	
	<qu:Page name="Motivation for Collaboration" 
		qid="CI.6.1"
		minval="0" 
		maxval="10"
		defval="5"
		minlabel="no motivation" 
		maxlabel="high motivation" 
		xsi:type="qu:OrdinalScaleQuestionPageType">
		<qu:Instructions>Did ${SERVICE.NAME} motivate collaboration between you and members of ${COMMUNITY}?</qu:Instructions>
	</qu:Page>
	
	<qu:Page name="Encouragement of Innovation" 
		qid="CI.7.1"
		minval="0" 
		maxval="10"
		defval="5"
		minlabel="no encouragement" 
		maxlabel="high encouragement" 
		xsi:type="qu:OrdinalScaleQuestionPageType">
		<qu:Instructions>Did ${SERVICE.NAME} encourage the development of new innovative services and/or applications in your community?</qu:Instructions>
	</qu:Page>
	
	<qu:Page name="Community Awareness" 
		qid="CI.8.1"
		minval="0" 
		maxval="10"
		defval="5"
		minlabel="not aware" 
		maxlabel="totally aware" 
		xsi:type="qu:OrdinalScaleQuestionPageType">
		<qu:Instructions>Were you aware of other member´s activities or information when using the service?</qu:Instructions>
	</qu:Page>
	
	<qu:Page name="Overall Service Success" 
		qid="OS"
		minval="0" 
		maxval="10"
		defval="5"
		minlabel="doomed to fail" 
		maxlabel="predestined to succeed"
		required="true"
		xsi:type="qu:OrdinalScaleQuestionPageType">
		<qu:Instructions>How successful do you expect ${SERVICE.NAME} to be in future? Please note that an answer for this question is mandatory!</qu:Instructions>
	</qu:Page>
	
	<qu:Page name="Final Comments" 
		qid="FC"
		xsi:type="qu:FreeTextQuestionPageType">
		<qu:Instructions>Finally we would like to ask you to provide any additional comments, e.g. possible improvements for ${SERVICE.NAME}, remarks about this questionnaire, etc.</qu:Instructions>
	</qu:Page>

</qu:Questionnaire>

<!-- This document was validated with xmllint -->