<?xml version="1.0" encoding="utf-8"?>
<QuestionnaireAnswer xmlns="http://multimedia-metadata.info/mobsos/questionnaire.xsd">
	<Question qid="1.1">0</Question>
	<Question qid="1.2">8</Question>
	<Question qid="2.1">3</Question>
	<Question qid="2.2">50</Question>
	<Question qid="2.3">No ideas</Question>
	<Question qid="OS">1000</Question> <!-- value for OS does not match definition in questionnaire (must be between -10 and 10) -->
</QuestionnaireAnswer>

<!-- This document was validated with xmllint -->
<!-- However, it does not match its corresponding questionnaire to be found in qu1.xml --> 