<?xml version="1.0" encoding="utf-8"?>

<qu:Questionnaire xmlns="http://dbis.rwth-aachen.de/mobsos/questionnaire.xsd"
		  xmlns:qu="http://dbis.rwth-aachen.de/mobsos/questionnaire.xsd"
	       xmlns:xsi="http://www.w3.org/2001/XMLSchema-instance">
	
	<qu:Page name="Estimated Expenditure of Time " 
	      xsi:type="qu:InformationPageType">
		<qu:Instructions>
			The estimated expenditure of time you will need to fill in this questionnaire is 3-5 minutes.
		</qu:Instructions>
	</qu:Page>
	
	<qu:Page name="System Quality (SQ)" 
		 xsi:type="qu:InformationPageType">
		<qu:Instructions>
			In the upcoming section you will be asked questions that intend to gain knowledge about the system quality of ${SERVICE.NAME}
		</qu:Instructions>
	</qu:Page>
	
	<qu:Page name="Stability" 
	      qid="SQ.1.1"
	      minval="0" 
	      maxval="10"
	      defval="5"
	      minlabel="total disagree" 
	      maxlabel="total agree" 
	      xsi:type="qu:OrdinalScaleQuestionPageType">
		<qu:Instructions>
			Resource ${RESOURCE} is stable.
		</qu:Instructions>
	</qu:Page>
	
	<qu:Page name="Usefulness" 
		 qid="SQ.2.1"
		 minval="0" 
		 maxval="10"
		 defval="5"
		 minlabel="total disagree" 
		 maxlabel="total agree" 
		 xsi:type="qu:OrdinalScaleQuestionPageType">
		<qu:Instructions>
			The features of resource ${RESOURCE} are useful.
		</qu:Instructions>
	</qu:Page>
	
	<qu:Page name="User Experience" 
		 qid="SQ.3.1"
		 xsi:type="qu:FreeTextQuestionPageType">
		<qu:Instructions>
			Additional comments regarding the user experience of resource ${RESOURCE}.
		</qu:Instructions>
	</qu:Page>
	
	<qu:Page name="Learning Effectiveness" 
		 qid="II.1.1"
		 minval="0" 
		 maxval="10"
		 defval="5"
		 minlabel="total disagree" 
		 maxlabel="total agree" 
		 xsi:type="qu:OrdinalScaleQuestionPageType">
		<qu:Instructions>
			Resource ${RESOURCE} helps me to effectively learn.
		</qu:Instructions>
	</qu:Page>
	
	<qu:Page name="Overall Success" 
		 qid="OS"
		 minval="0" 
		 maxval="10"
		 defval="5"
		 minlabel="" 
		 maxlabel="predestined to succeed"
		 required="true"
		 xsi:type="qu:OrdinalScaleQuestionPageType">
		<qu:Instructions>
			In total, resource ${RESOURCE} is successful. 
		</qu:Instructions>
	</qu:Page>
	
</qu:Questionnaire>

<!-- This document was validated with xmllint -->