<?xml version="1.0" encoding="utf-8"?>

<qu:Questionnaire xmlns="http://dbis.rwth-aachen.de/mobsos/questionnaire.xsd"
		  xmlns:qu="http://dbis.rwth-aachen.de/mobsos/questionnaire.xsd"
	       xmlns:xsi="http://www.w3.org/2001/XMLSchema-instance">
	
	<qu:Page name="Introduction" 
	      xsi:type="qu:InformationPageType">
		<qu:Instructions>
			${USER.NAME}, welcome to the ${SURVEY.NAME}!
			In this questionnaire, we invite you to rate the homosexuality and coolness of the resource ${SURVEY.RESOURCE} in the context of community ${COMMUNITY.ID}.
		</qu:Instructions>
	</qu:Page>
	
	<qu:Page name="Homosexuality" 
	      qid="A.2.1"
	      defval="0"
	      maxlabel="yes" 
	      minlabel="no"
		  required="true"
	      xsi:type="qu:DichotomousQuestionPageType">
		<qu:Instructions>
			Is resource ${SURVEY.RESOURCE} homosexual?
		</qu:Instructions>
	</qu:Page>
	
	<qu:Page name="Coolness" 
	      qid="A.2.2"
	      minval="0" 
	      maxval="10" 
	      defval="5"
	      minlabel="low" 
	      maxlabel="high"
		  required="true"		  
	      xsi:type="qu:OrdinalScaleQuestionPageType">
		<qu:Instructions>
			Please rate the coolness of resource ${SURVEY.RESOURCE} on a scale from 0 to 10.
		</qu:Instructions>
	</qu:Page>
	
	<qu:Page name="Other" 
	      qid="A.2.3"
		  required="true"
	      xsi:type="qu:FreeTextQuestionPageType">
		<qu:Instructions>
			What else can you tell us about ${SURVEY.RESOURCE}, regarding its coolness and homosexuality?
		</qu:Instructions>
	</qu:Page>
	
</qu:Questionnaire>

<!-- This document was validated with xmllint -->